repo_owner,repository,merged_pr_count,created_in_fy_pr_count,created_before_fy_pr_count,is_fork,parent_repository,repository_url
adaltas,adaltas/node-csv,2,2,0,false,,https://github.com/adaltas/node-csv
adaltas,adaltas/node-csv-docs,2,2,0,false,,https://github.com/adaltas/node-csv-docs
appium,appium/appium-android-driver,3,3,0,false,,https://github.com/appium/appium-android-driver
appium,appium/appium-flutter-driver,1,1,0,false,,https://github.com/appium/appium-flutter-driver
appium,appium/appium-xcuitest-driver,1,1,0,false,,https://github.com/appium/appium-xcuitest-driver
bcomnes,bcomnes/npm-run-all2,2,2,0,false,,https://github.com/bcomnes/npm-run-all2
biomejs,biomejs/biome-vscode,1,1,0,false,,https://github.com/biomejs/biome-vscode
biomejs,biomejs/website,2,2,0,false,,https://github.com/biomejs/website
brianc,brianc/node-pg-copy-streams,1,1,0,false,,https://github.com/brianc/node-pg-copy-streams
brianc,brianc/node-postgres,4,4,0,false,,https://github.com/brianc/node-postgres
db-migrate,db-migrate/node-db-migrate,1,0,1,false,,https://github.com/db-migrate/node-db-migrate
DefinitelyTyped,DefinitelyTyped/DefinitelyTyped,2,2,0,false,,https://github.com/DefinitelyTyped/DefinitelyTyped
dougle,dougle/aws-vpn-tab-close,1,0,1,false,,https://github.com/dougle/aws-vpn-tab-close
expressjs,expressjs/express,1,1,0,false,,https://github.com/expressjs/express
expressjs,expressjs/multer,1,0,1,false,,https://github.com/expressjs/multer
facebook,facebook/lexical,1,1,0,false,,https://github.com/facebook/lexical
faker-js,faker-js/faker,1,1,0,false,,https://github.com/faker-js/faker
jest-community,jest-community/awesome-jest,1,1,0,false,,https://github.com/jest-community/awesome-jest
jest-community,jest-community/eslint-plugin-jest,1,1,0,false,,https://github.com/jest-community/eslint-plugin-jest
jest-community,jest-community/jest-extended,2,2,0,false,,https://github.com/jest-community/jest-extended
microsoft,microsoft/playwright.dev,1,1,0,false,,https://github.com/microsoft/playwright.dev
mswjs,mswjs/playwright,1,1,0,false,,https://github.com/mswjs/playwright
redhat-developer,redhat-developer/vscode-yaml,4,4,0,false,,https://github.com/redhat-developer/vscode-yaml
redhat-developer,redhat-developer/yaml-language-server,2,2,0,false,,https://github.com/redhat-developer/yaml-language-server
SeleniumHQ,SeleniumHQ/seleniumhq.github.io,30,30,0,false,,https://github.com/SeleniumHQ/seleniumhq.github.io
sidorares,sidorares/node-mysql2,3,3,0,false,,https://github.com/sidorares/node-mysql2
SudoKillMe,SudoKillMe/vscode-extensions-open-in-browser,4,4,0,false,,https://github.com/SudoKillMe/vscode-extensions-open-in-browser
team-mirai,team-mirai/marumie,2,2,0,false,,https://github.com/team-mirai/marumie
team-mirai,team-mirai/mirai-gikai,1,1,0,false,,https://github.com/team-mirai/mirai-gikai
tonybaloney,tonybaloney/vscode-pets,1,1,0,false,,https://github.com/tonybaloney/vscode-pets
usernamehw,usernamehw/vscode-error-lens,2,2,0,true,phindle/error-lens,https://github.com/usernamehw/vscode-error-lens
validatorjs,validatorjs/validator.js,2,0,2,false,,https://github.com/validatorjs/validator.js
vavkamil,vavkamil/awesome-bugbounty-tools,4,4,0,false,,https://github.com/vavkamil/awesome-bugbounty-tools
vavkamil,vavkamil/awesome-vulnerable-apps,5,5,0,false,,https://github.com/vavkamil/awesome-vulnerable-apps
webdriverio,webdriverio/expect-webdriverio,2,2,0,false,,https://github.com/webdriverio/expect-webdriverio
webdriverio,webdriverio/guinea-pig,1,1,0,false,,https://github.com/webdriverio/guinea-pig
webdriverio,webdriverio/webdriverio,1,1,0,false,,https://github.com/webdriverio/webdriverio
webpack,webpack/webpack-cli,1,1,0,false,,https://github.com/webpack/webpack-cli
yargs,yargs/yargs,1,0,1,false,,https://github.com/yargs/yargs
